<?xml version="1.0" encoding="utf-8"?>
<extension type="module" version="3.1" client="site" method="upgrade">
	<name>mod_city_search</name>
	<author>Lizogyb Igor</author>
	<creationDate>August 2016</creationDate>
	<copyright>Copyright (C) 2005 - 2016 Open Source Matters. All rights reserved.</copyright>
	<license>GNU General Public License version 2 or later; see LICENSE.txt</license>
	<authorEmail>admin@admin.ua</authorEmail>
	<authorUrl>www.mysite.org</authorUrl>
	<version>0.1.0</version>
	<description>MOD_CITY_SEARCH_XML_DESCRIPTION</description>
	<files>
		<filename module="mod_city_search">mod_city_search.php</filename>
		<folder>tmpl</folder>
		<filename>helper.php</filename>
	</files>
	<languages>
		<language tag="en-GB">en-GB.mod_city_search.ini</language>
		<language tag="en-GB">en-GB.mod_city_search.sys.ini</language>
	</languages>
    <help key="JHELP_EXTENSIONS_MODULE_MANAGER_CITY_SEARCH" />
    <config>
        <fields name="params">
			<fieldset name="basic"></fieldset>
		</fields>
    </config>
</extension>
